+33954433819;9;512;979;424;19327;Numéro fiable;numero privado;chez moi;2022-05-24 02:22:58;https://www.tellows.fr/num/%2B9794240055;2;
+9794240055;5;512;979;424;19327;Numéro fiable;numero privado;tellows;2022-05-24 02:22:58;https://www.tellows.fr/num/%2B9794240055;2;
+9794240049;6;682;979;424;12983;Numéro fiable;Testnummer;tellows;2022-05-24 14:51:06;https://www.tellows.fr/num/%2B9794240049;2;
0033985404324;9;24;33;9;3456;Harcèlement téléphonique;compte formation cpf;Téléphonie par internet;2022-04-29 13:37:41;https://www.tellows.fr/num/0033985404324;7;
0985404324;9;24;33;9;3456;Harcèlement téléphonique;compte formation cpf;Téléphonie par internet;2022-04-29 13:37:41;https://www.tellows.fr/num/0033985404324;7;
0033755516997;8;6;33;7;4476;Harcèlement téléphonique;Arnaque CPF;numéro de téléphone mobile;2022-05-23 16:48:42;https://www.tellows.fr/num/0033755516997;7;
0755516997;8;6;33;7;4476;Harcèlement téléphonique;Arnaque CPF;numéro de téléphone mobile;2022-05-23 16:48:42;https://www.tellows.fr/num/0033755516997;7;
003397496;9;74;33;9;61642;Harcèlement téléphonique;Infos sur compte CPF;Téléphonie par internet;2022-05-16 18:57:40;https://www.tellows.fr/num/003397496;7;
097496;9;74;33;9;61642;Harcèlement téléphonique;Infos sur compte CPF;Téléphonie par internet;2022-05-16 18:57:40;https://www.tellows.fr/num/003397496;7;
0033367787852;8;4;33;367;2483;Publicité agressive;société alias energie;Bas-Rhin, Haut-Rhin;2022-05-19 13:15:49;https://www.tellows.fr/num/0033367787852;5;
0367787852;8;4;33;367;2483;Publicité agressive;société alias energie;Bas-Rhin, Haut-Rhin;2022-05-19 13:15:49;https://www.tellows.fr/num/0033367787852;5;
0033221656743;8;10;33;221;5730;Arnaque;prime renov habitat;Côtes-d'Armor, Finistère,Ille-et-Vilaine;2022-05-23 14:04:33;https://www.tellows.fr/num/0033221656743;8;
0221656743;8;10;33;221;5730;Arnaque;prime renov habitat;Côtes-d'Armor, Finistère,Ille-et-Vilaine;2022-05-23 14:04:33;https://www.tellows.fr/num/0033221656743;8;
0033524092153;9;5;33;524;2728;Harcèlement téléphonique;SFR complice escroquerie;Dordogne, Gironde, Landes,Lot-et-Garonne;2022-05-20 13:58:05;https://www.tellows.fr/num/0033524092153;7;
0524092153;9;5;33;524;2728;Harcèlement téléphonique;SFR complice escroquerie;Dordogne, Gironde, Landes,Lot-et-Garonne;2022-05-20 13:58:05;https://www.tellows.fr/num/0033524092153;7;
0033985402187;8;22;33;9;10359;Arnaque;CPF;Téléphonie par internet;2022-05-17 19:47:36;https://www.tellows.fr/num/0033985402187;8;
0985402187;8;22;33;9;10359;Arnaque;CPF;Téléphonie par internet;2022-05-17 19:47:36;https://www.tellows.fr/num/0033985402187;8;
0033411773125;9;13;33;411;2282;Arnaque;;Aude, Gard, Hérault, Lozère;2022-05-04 13:00:28;https://www.tellows.fr/num/0033411773125;8;
0411773125;9;13;33;411;2282;Arnaque;;Aude, Gard, Hérault, Lozère;2022-05-04 13:00:28;https://www.tellows.fr/num/0033411773125;8;
0033184991507;8;5;33;184;3303;Harcèlement téléphonique;Alphalink = Danger;Paris;2022-05-10 10:39:19;https://www.tellows.fr/num/0033184991507;7;
0184991507;8;5;33;184;3303;Harcèlement téléphonique;Alphalink = Danger;Paris;2022-05-10 10:39:19;https://www.tellows.fr/num/0033184991507;7;
0033977428641;8;36;33;9;32750;Harcèlement téléphonique;Canal plus;Téléphonie par internet;2022-04-26 11:58:23;https://www.tellows.fr/num/0033977428641;7;
0977428641;8;36;33;9;32750;Harcèlement téléphonique;Canal plus;Téléphonie par internet;2022-04-26 11:58:23;https://www.tellows.fr/num/0033977428641;7;
0033487750081;8;8;33;487;5951;Arnaque;;Ain, Ardèche, Drôme, Loire, Rhône;2022-05-04 18:38:43;https://www.tellows.fr/num/0033487750081;8;
0487750081;8;8;33;487;5951;Arnaque;;Ain, Ardèche, Drôme, Loire, Rhône;2022-05-04 18:38:43;https://www.tellows.fr/num/0033487750081;8;
0033170210834;8;74;33;170;51578;Harcèlement téléphonique;Bouygues Télécom;Paris;2022-05-19 12:26:02;https://www.tellows.fr/num/0033170210834;7;
0170210834;8;74;33;170;51578;Harcèlement téléphonique;Bouygues Télécom;Paris;2022-05-19 12:26:02;https://www.tellows.fr/num/0033170210834;7;
+9794240044;5;580;979;424;16860;Numéro fiable;test number;tellows;2022-05-20 23:21:15;https://www.tellows.fr/num/%2B9794240044;2;
0033644643366;2;106;33;6;48772;Numéro fiable;Livreur Amazon;numéro de téléphone mobile;2022-05-20 16:27:52;https://www.tellows.fr/num/0033644643366;2;
0644643366;2;106;33;6;48772;Numéro fiable;Livreur Amazon;numéro de téléphone mobile;2022-05-20 16:27:52;https://www.tellows.fr/num/0033644643366;2;
0033170210836;8;73;33;170;49024;Harcèlement téléphonique;Téléprospecteur;Paris;2022-05-16 18:03:36;https://www.tellows.fr/num/0033170210836;7;
0170210836;8;73;33;170;49024;Harcèlement téléphonique;Téléprospecteur;Paris;2022-05-16 18:03:36;https://www.tellows.fr/num/0033170210836;7;
0033985404215;8;8;33;9;1858;Harcèlement téléphonique;CPF;Téléphonie par internet;2022-05-20 11:48:44;https://www.tellows.fr/num/0033985404215;7;
0985404215;8;8;33;9;1858;Harcèlement téléphonique;CPF;Téléphonie par internet;2022-05-20 11:48:44;https://www.tellows.fr/num/0033985404215;7;
0033612000123;4;27;33;6;36287;Numéro fiable;SFR;numéro de téléphone mobile;2021-11-29 18:00:55;https://www.tellows.fr/num/0033612000123;2;
0612000123;4;27;33;6;36287;Numéro fiable;SFR;numéro de téléphone mobile;2021-11-29 18:00:55;https://www.tellows.fr/num/0033612000123;2;
0033451;8;3;33;9999;11469;Harcèlement téléphonique;0451099713;;2022-03-16 11:53:52;https://www.tellows.fr/num/0033451;7;
0451;8;3;33;9999;11469;Harcèlement téléphonique;0451099713;;2022-03-16 11:53:52;https://www.tellows.fr/num/0033451;7;
0033170210824;8;66;33;170;62884;Harcèlement téléphonique;service commercial bouygues;Paris;2022-05-14 21:00:19;https://www.tellows.fr/num/0033170210824;7;
0170210824;8;66;33;170;62884;Harcèlement téléphonique;service commercial bouygues;Paris;2022-05-14 21:00:19;https://www.tellows.fr/num/0033170210824;7;
0033214390724;8;15;33;214;3747;Harcèlement téléphonique;harcelement SFR;Calvados, Manche, Orne;2022-05-19 16:00:38;https://www.tellows.fr/num/0033214390724;7;
0214390724;8;15;33;214;3747;Harcèlement téléphonique;harcelement SFR;Calvados, Manche, Orne;2022-05-19 16:00:38;https://www.tellows.fr/num/0033214390724;7;
0033969394949;3;23;33;9;32703;Numéro fiable;MACIF;Téléphonie par internet;2022-05-09 15:24:34;https://www.tellows.fr/num/0033969394949;2;
0969394949;3;23;33;9;32703;Numéro fiable;MACIF;Téléphonie par internet;2022-05-09 15:24:34;https://www.tellows.fr/num/0033969394949;2;
+442078559823;3;139;44;20;87135;Numéro fiable;Amazon service clients;London;2022-05-09 14:45:18;https://www.tellows.fr/num/%2B442078559823;2;
0033375840845;7;10;33;375;4392;Appel ping;racroche dès que l'on répond;Aisne, Oise, Somme;2022-05-11 18:40:50;https://www.tellows.fr/num/0033375840845;10;
0375840845;7;10;33;375;4392;Appel ping;racroche dès que l'on répond;Aisne, Oise, Somme;2022-05-11 18:40:50;https://www.tellows.fr/num/0033375840845;10;
0033564376030;8;3;33;564;1409;Arnaque;Alphalink !DANGER! escroquerie;Dordogne, Gironde, Landes, Lot-et-Garonn;2022-05-20 10:05:02;https://www.tellows.fr/num/0033564376030;8;
0564376030;8;3;33;564;1409;Arnaque;Alphalink !DANGER! escroquerie;Dordogne, Gironde, Landes, Lot-et-Garonn;2022-05-20 10:05:02;https://www.tellows.fr/num/0033564376030;8;
0033187645913;9;3;33;187;1520;Harcèlement téléphonique;Manifone = escroquerie!;Paris;2022-05-12 19:01:48;https://www.tellows.fr/num/0033187645913;7;
0187645913;9;3;33;187;1520;Harcèlement téléphonique;Manifone = escroquerie!;Paris;2022-05-12 19:01:48;https://www.tellows.fr/num/0033187645913;7;
0033985400438;8;13;33;9;7868;Publicité agressive;CPF;Téléphonie par internet;2022-05-18 14:02:34;https://www.tellows.fr/num/0033985400438;5;
0985400438;8;13;33;9;7868;Publicité agressive;CPF;Téléphonie par internet;2022-05-18 14:02:34;https://www.tellows.fr/num/0033985400438;5;
0033985401924;9;12;33;9;2416;Arnaque;cpf;Téléphonie par internet;2022-05-05 16:55:27;https://www.tellows.fr/num/0033985401924;8;
0985401924;9;12;33;9;2416;Arnaque;cpf;Téléphonie par internet;2022-05-05 16:55:27;https://www.tellows.fr/num/0033985401924;8;
0033970734230;2;89;33;9;54212;Numéro fiable;Deliveroo;Téléphonie par internet;2022-05-24 13:09:13;https://www.tellows.fr/num/0033970734230;2;
0970734230;2;89;33;9;54212;Numéro fiable;Deliveroo;Téléphonie par internet;2022-05-24 13:09:13;https://www.tellows.fr/num/0033970734230;2;
0033449317571;8;6;33;449;2699;Arnaque;N° non attribué !;Aude, Gard, Hérault,Pyrénées-Orientales;2022-05-12 16:07:35;https://www.tellows.fr/num/0033449317571;8;
0449317571;8;6;33;449;2699;Arnaque;N° non attribué !;Aude, Gard, Hérault,Pyrénées-Orientales;2022-05-12 16:07:35;https://www.tellows.fr/num/0033449317571;8;
0033974;8;32;33;9;28794;Harcèlement téléphonique;Escroc;Téléphonie par internet;2022-04-27 16:02:25;https://www.tellows.fr/num/0033974;7;
0974;8;32;33;9;28794;Harcèlement téléphonique;Escroc;Téléphonie par internet;2022-04-27 16:02:25;https://www.tellows.fr/num/0033974;7;
0033189470006;9;10;33;189;4407;Arnaque;Escroquerie Compte Formation;Paris;2022-05-12 19:55:46;https://www.tellows.fr/num/0033189470006;8;
0189470006;9;10;33;189;4407;Arnaque;Escroquerie Compte Formation;Paris;2022-05-12 19:55:46;https://www.tellows.fr/num/0033189470006;8;
0033756780756;8;81;33;7;100909;Arnaque;TRANSATEL;numéro de téléphone mobile;2022-05-05 17:43:54;https://www.tellows.fr/num/0033756780756;8;
0756780756;8;81;33;7;100909;Arnaque;TRANSATEL;numéro de téléphone mobile;2022-05-05 17:43:54;https://www.tellows.fr/num/0033756780756;8;
0033189491703;8;15;33;189;3582;Arnaque;Formation professionnelle;Paris;2022-05-19 16:34:47;https://www.tellows.fr/num/0033189491703;8;
0189491703;8;15;33;189;3582;Arnaque;Formation professionnelle;Paris;2022-05-19 16:34:47;https://www.tellows.fr/num/0033189491703;8;
0018553308653;2;33;1;855;31023;Numéro fiable;Outlook Verification;Toll-free telephone number;2022-05-17 12:44:48;https://www.tellows.fr/num/0018553308653;2;
00492283822567;7;656;49;228;573345;Sondage;Infas;Bonn;2022-05-23 20:27:08;https://www.tellows.fr/num/00492283822567;6;
0033465630095;8;33;33;465;29359;Harcèlement téléphonique;bouygues;Alpes-de-Haute-Provence, Hautes-Alpes;2022-03-31 18:56:53;https://www.tellows.fr/num/0033465630095;7;
0465630095;8;33;33;465;29359;Harcèlement téléphonique;bouygues;Alpes-de-Haute-Provence, Hautes-Alpes;2022-03-31 18:56:53;https://www.tellows.fr/num/0033465630095;7;
0033620312312;9;5;33;6;1775;Harcèlement téléphonique;ugaro ou approchant;numéro de téléphone mobile;2022-04-30 16:27:40;https://www.tellows.fr/num/0033620312312;7;
0620312312;9;5;33;6;1775;Harcèlement téléphonique;ugaro ou approchant;numéro de téléphone mobile;2022-04-30 16:27:40;https://www.tellows.fr/num/0033620312312;7;
0033178563244;4;11;33;178;16993;Numéro fiable;service technique Free;Paris, Hauts-de-Seine;2022-02-01 13:47:54;https://www.tellows.fr/num/0033178563244;2;
0178563244;4;11;33;178;16993;Numéro fiable;service technique Free;Paris, Hauts-de-Seine;2022-02-01 13:47:54;https://www.tellows.fr/num/0033178563244;2;
0033481097992;9;3;33;481;1408;Harcèlement téléphonique;048109..=Alphalink=escroquerie;Ain, Auvergne-Rhône-Alpes;2022-05-11 13:26:03;https://www.tellows.fr/num/0033481097992;7;
0481097992;9;3;33;481;1408;Harcèlement téléphonique;048109..=Alphalink=escroquerie;Ain, Auvergne-Rhône-Alpes;2022-05-11 13:26:03;https://www.tellows.fr/num/0033481097992;7;
0033620717730;8;3;33;6;1046;Publicité agressive;;numéro de téléphone mobile;2022-05-19 17:29:04;https://www.tellows.fr/num/0033620717730;5;
0620717730;8;3;33;6;1046;Publicité agressive;;numéro de téléphone mobile;2022-05-19 17:29:04;https://www.tellows.fr/num/0033620717730;5;
0033185000416;8;3;33;185;1100;Publicité agressive;;Paris;2022-04-27 14:41:55;https://www.tellows.fr/num/0033185000416;5;
0185000416;8;3;33;185;1100;Publicité agressive;;Paris;2022-04-27 14:41:55;https://www.tellows.fr/num/0033185000416;5;
0033974136297;8;11;33;9;2257;Arnaque;Arnaque CPF;Téléphonie par internet;2022-05-24 13:34:24;https://www.tellows.fr/num/0033974136297;8;
0974136297;8;11;33;9;2257;Arnaque;Arnaque CPF;Téléphonie par internet;2022-05-24 13:34:24;https://www.tellows.fr/num/0033974136297;8;
0033969394439;6;31;33;9;54563;Harcèlement téléphonique;Oney (Banque Accord);Téléphonie par internet;2022-04-26 15:58:49;https://www.tellows.fr/num/0033969394439;7;
0969394439;6;31;33;9;54563;Harcèlement téléphonique;Oney (Banque Accord);Téléphonie par internet;2022-04-26 15:58:49;https://www.tellows.fr/num/0033969394439;7;
+81345102539;8;16;81;3;20464;Harcèlement téléphonique;momo;東京;2022-03-06 20:25:41;https://www.tellows.fr/num/%2B81345102539;7;
0033221656783;9;6;33;221;1222;Harcèlement téléphonique;Plateforce CPF;Côtes-d'Armor, Finistère,Ille-et-Vilaine;2022-05-16 12:06:59;https://www.tellows.fr/num/0033221656783;7;
0221656783;9;6;33;221;1222;Harcèlement téléphonique;Plateforce CPF;Côtes-d'Armor, Finistère,Ille-et-Vilaine;2022-05-16 12:06:59;https://www.tellows.fr/num/0033221656783;7;
0033176361309;6;47;33;176;23336;Arnaque;Aksis;Paris, Hauts-de-Seine;2022-04-27 13:13:15;https://www.tellows.fr/num/0033176361309;8;
0176361309;6;47;33;176;23336;Arnaque;Aksis;Paris, Hauts-de-Seine;2022-04-27 13:13:15;https://www.tellows.fr/num/0033176361309;8;
0033189492868;8;6;33;189;1360;Harcèlement téléphonique;;Paris;2022-05-16 07:38:11;https://www.tellows.fr/num/0033189492868;7;
0189492868;8;6;33;189;1360;Harcèlement téléphonique;;Paris;2022-05-16 07:38:11;https://www.tellows.fr/num/0033189492868;7;
0033189490846;8;9;33;189;1141;Harcèlement téléphonique;Usurpation indicatif national;Paris;2022-05-11 15:24:08;https://www.tellows.fr/num/0033189490846;7;
0189490846;8;9;33;189;1141;Harcèlement téléphonique;Usurpation indicatif national;Paris;2022-05-11 15:24:08;https://www.tellows.fr/num/0033189490846;7;
+393391599921;8;14;39;339;1447;Publicité agressive;Wind operatore;Tim (cellulare);2022-05-23 15:28:44;https://www.tellows.fr/num/%2B393391599921;5;
0033564376033;9;5;33;564;2479;Publicité agressive;Alphalink = escroquerie;Dordogne, Gironde, Landes, Lot-et-Garonn;2022-04-28 18:10:37;https://www.tellows.fr/num/0033564376033;5;
0564376033;9;5;33;564;2479;Publicité agressive;Alphalink = escroquerie;Dordogne, Gironde, Landes, Lot-et-Garonn;2022-04-28 18:10:37;https://www.tellows.fr/num/0033564376033;5;
0033426701184;8;5;33;426;1639;Publicité agressive;harcelement SFR;Ain, Auvergne-Rhône-Alpes;2022-05-16 17:18:15;https://www.tellows.fr/num/0033426701184;5;
0426701184;8;5;33;426;1639;Publicité agressive;harcelement SFR;Ain, Auvergne-Rhône-Alpes;2022-05-16 17:18:15;https://www.tellows.fr/num/0033426701184;5;
0033189470308;9;7;33;189;2025;Arnaque;Jean Dupont;Paris;2022-05-09 10:22:38;https://www.tellows.fr/num/0033189470308;8;